{"train_explained_variance": 0.9901309514937466, "train_r2": 0.9901064538921138, "train_mape": 0.10142726694797044, "train_median_absolute_error": 100.29861789779552, "train_mean_absolute_error": 147.99918614693874, "train_mean_squared_log_error": 0.001403827009287422, "train_custom_1": 41.02875026469604, "train_custom_5": 94.2519846731791, "train_custom_10": 99.10380867203475, "train_custom_20": 99.67835559432407, "test_explained_variance": 0.6829625706771308, "test_r2": 0.6823946926864123, "test_mape": 208.37771873096898, "test_median_absolute_error": 355.01409213833193, "test_mean_absolute_error": 586.330570877308, "test_mean_squared_log_error": 0.11520602811650907, "test_custom_1": 13.773844934873726, "test_custom_5": 53.75788839122306, "test_custom_10": 77.68008053993351, "test_custom_20": 93.76399926390091, "train_explained_variance_std": 0.0007377902267456624, "train_r2_std": 0.000739881735859731, "train_mape_std": 0.008470770940330408, "train_median_absolute_error_std": 1.5080832735001768, "train_mean_absolute_error_std": 2.6379603251071297, "train_mean_squared_log_error_std": 8.825296238556906e-05, "train_custom_1_std": 0.6175280126107416, "train_custom_5_std": 0.22514545378803, "train_custom_10_std": 0.032503461430431174, "train_custom_20_std": 0.012702407007443135, "test_explained_variance_std": 0.09777333718986438, "test_r2_std": 0.09781012620107678, "test_mape_std": 75.38194136274073, "test_median_absolute_error_std": 3.1310487210795586, "test_mean_absolute_error_std": 5.662977795868156, "test_mean_squared_log_error_std": 0.021153026358947436, "test_custom_1_std": 0.3685462447929806, "test_custom_5_std": 0.41346432867955857, "test_custom_10_std": 0.21081977637071206, "test_custom_20_std": 0.3166364103183612, "_timestamp": 1722569217.2678065, "_runtime": 1248.691472530365, "_step": 0, "_wandb": {"runtime": 1246}}