{"train_explained_variance": 0.4179463895900722, "train_r2": 0.41323918349568756, "train_mape": 1013.1374751294272, "train_median_absolute_error": 672.9464530678104, "train_mean_absolute_error": 993.2612411454044, "train_mean_squared_log_error": 0.24056219773138104, "train_custom_1": 6.300495660951123, "train_custom_5": 31.109970498325616, "train_custom_10": 56.44689069028499, "train_custom_20": 83.79472468261274, "test_explained_variance": 0.42555793521223995, "test_r2": 0.4207218706275332, "test_mape": 1028.5703678110535, "test_median_absolute_error": 673.9409359593353, "test_mean_absolute_error": 995.5408547674695, "test_mean_squared_log_error": 0.24155879168654315, "test_custom_1": 6.263156921333559, "test_custom_5": 31.02892043774849, "test_custom_10": 56.35311011946688, "test_custom_20": 83.70730347303834, "train_explained_variance_std": 0.019898467863523346, "train_r2_std": 0.019787684359163404, "train_mape_std": 18.650127354445875, "train_median_absolute_error_std": 2.1742170915021073, "train_mean_absolute_error_std": 3.401470253598948, "train_mean_squared_log_error_std": 0.0061636697311131024, "train_custom_1_std": 0.024371507781958592, "train_custom_5_std": 0.09394724104653202, "train_custom_10_std": 0.149311250769212, "train_custom_20_std": 0.12120707534101302, "test_explained_variance_std": 0.06257460291847798, "test_r2_std": 0.06244000356363065, "test_mape_std": 122.45905587968524, "test_median_absolute_error_std": 3.7220893214970086, "test_mean_absolute_error_std": 9.038918173362902, "test_mean_squared_log_error_std": 0.027506941652814632, "test_custom_1_std": 0.12725692030096283, "test_custom_5_std": 0.19639777067881317, "test_custom_10_std": 0.1462428935299844, "test_custom_20_std": 0.325426519540115, "_timestamp": 1722575722.7219055, "_runtime": 27.866254568099976, "_step": 0, "_wandb": {"runtime": 27}}