{"train_explained_variance": 0.5662987317435614, "train_r2": 0.5645581319816833, "train_mape": 311.968002007623, "train_median_absolute_error": 556.3651601758986, "train_mean_absolute_error": 815.2309796870662, "train_mean_squared_log_error": 0.1722704603193999, "train_custom_1": 7.9295097895416, "train_custom_5": 37.46478084332455, "train_custom_10": 64.61232982254316, "train_custom_20": 88.85998770808132, "test_explained_variance": 0.5611866752253405, "test_r2": 0.5593544022041124, "test_mape": 357.4325312390601, "test_median_absolute_error": 562.7203455370993, "test_mean_absolute_error": 829.3236625063, "test_mean_squared_log_error": 0.18022224306700851, "test_custom_1": 7.889195971343989, "test_custom_5": 37.03918085584655, "test_custom_10": 64.12009886405323, "test_custom_20": 88.54810720958238, "train_explained_variance_std": 0.02538290374431025, "train_r2_std": 0.025367884046954902, "train_mape_std": 15.668460185164836, "train_median_absolute_error_std": 3.821835021945317, "train_mean_absolute_error_std": 4.697591250034531, "train_mean_squared_log_error_std": 0.004606868883322518, "train_custom_1_std": 0.10081247522106605, "train_custom_5_std": 0.157445139823226, "train_custom_10_std": 0.22625047797343914, "train_custom_20_std": 0.11783249668630771, "test_explained_variance_std": 0.0827343388602541, "test_r2_std": 0.08285931635830605, "test_mape_std": 64.1795970251123, "test_median_absolute_error_std": 3.3051134317393442, "test_mean_absolute_error_std": 9.622045534027752, "test_mean_squared_log_error_std": 0.024053869515766588, "test_custom_1_std": 0.22094182456676317, "test_custom_5_std": 0.3248541892232522, "test_custom_10_std": 0.1740988065565338, "test_custom_20_std": 0.2478763807885367, "_timestamp": 1722556351.4053051, "_runtime": 32.99199819564819, "_step": 0, "_wandb": {"runtime": 32}}