{"train_explained_variance": 0.8865718589269669, "train_r2": 0.8861980362408939, "train_mape": 16.574005460441015, "train_median_absolute_error": 346.6275630141401, "train_mean_absolute_error": 502.6700632975556, "train_mean_squared_log_error": 0.04117744611446077, "train_custom_1": 13.125466610535971, "train_custom_5": 54.927778022930475, "train_custom_10": 81.4715017978372, "train_custom_20": 96.35031219354843, "test_explained_variance": 0.6621462640617913, "test_r2": 0.6614453531459445, "test_mape": 203.2247319181206, "test_median_absolute_error": 412.66199896996613, "test_mean_absolute_error": 642.6675085882401, "test_mean_squared_log_error": 0.11776795274800327, "test_custom_1": 11.187114186794593, "test_custom_5": 48.35528638235703, "test_custom_10": 74.45175771024326, "test_custom_20": 92.9645576874735, "train_explained_variance_std": 0.006579967960721036, "train_r2_std": 0.006601805133499276, "train_mape_std": 2.1339081152112382, "train_median_absolute_error_std": 1.4084500215226012, "train_mean_absolute_error_std": 2.2882303162627164, "train_mean_squared_log_error_std": 0.0018667869232157454, "train_custom_1_std": 0.15753678567782597, "train_custom_5_std": 0.16238016894679644, "train_custom_10_std": 0.05157000564379639, "train_custom_20_std": 0.06862985625891639, "test_explained_variance_std": 0.09797686635896738, "test_r2_std": 0.09808114037192, "test_mape_std": 67.0435906541228, "test_median_absolute_error_std": 4.886348939818218, "test_mean_absolute_error_std": 6.070250560429893, "test_mean_squared_log_error_std": 0.02120128411825412, "test_custom_1_std": 0.14793845635819633, "test_custom_5_std": 0.43248717845879975, "test_custom_10_std": 0.13384550755742844, "test_custom_20_std": 0.23303779347289083, "_timestamp": 1722575852.5037317, "_runtime": 119.91731882095337, "_step": 0, "_wandb": {"runtime": 119}}