{"train_explained_variance": 0.9907314046602519, "train_r2": 0.9907090529509709, "train_mape": 0.09080752807339434, "train_median_absolute_error": 96.83440429257408, "train_mean_absolute_error": 143.34416112101667, "train_mean_squared_log_error": 0.0012481976751457648, "train_custom_1": 42.21009537423248, "train_custom_5": 94.6945647434773, "train_custom_10": 99.17085343457197, "train_custom_20": 99.69278301541169, "test_explained_variance": 0.6838795571138783, "test_r2": 0.6832907842040259, "test_mape": 209.4883037488724, "test_median_absolute_error": 356.0671324740648, "test_mean_absolute_error": 585.9150948570133, "test_mean_squared_log_error": 0.11690179196390646, "test_custom_1": 13.989399792894352, "test_custom_5": 53.593252766896555, "test_custom_10": 77.62746682642367, "test_custom_20": 93.85735294481984, "train_explained_variance_std": 0.0005462505892167691, "train_r2_std": 0.0005477706764372281, "train_mape_std": 0.007237091218447456, "train_median_absolute_error_std": 1.401699713445057, "train_mean_absolute_error_std": 1.8794313233542128, "train_mean_squared_log_error_std": 6.162214597932571e-05, "train_custom_1_std": 0.6412677076417447, "train_custom_5_std": 0.14033112003551274, "train_custom_10_std": 0.032131288444279, "train_custom_20_std": 0.013774584557383143, "test_explained_variance_std": 0.09892528070558185, "test_r2_std": 0.09898357276798371, "test_mape_std": 64.81826377978432, "test_median_absolute_error_std": 3.1506704880069494, "test_mean_absolute_error_std": 5.55385789612199, "test_mean_squared_log_error_std": 0.019678561181585324, "test_custom_1_std": 0.3814218745664815, "test_custom_5_std": 0.10599072281880559, "test_custom_10_std": 0.09863456949872824, "test_custom_20_std": 0.22044511144330514, "_timestamp": 1722565219.1867905, "_runtime": 1145.0843615531921, "_step": 0, "_wandb": {"runtime": 1144}}