{"train_explained_variance": 0.5837756084724282, "train_r2": 0.582206957589393, "train_mape": 268.4436759012149, "train_median_absolute_error": 545.247166037521, "train_mean_absolute_error": 799.1716065716954, "train_mean_squared_log_error": 0.16127431416796473, "train_custom_1": 8.171379012075448, "train_custom_5": 38.07624402630702, "train_custom_10": 65.33624146198996, "train_custom_20": 89.34202942275735, "test_explained_variance": 0.5697371308974569, "test_r2": 0.5680809936918969, "test_mape": 318.7717855060249, "test_median_absolute_error": 552.4770313604016, "test_mean_absolute_error": 816.4183634613598, "test_mean_squared_log_error": 0.17058258334992132, "test_custom_1": 8.058931167533467, "test_custom_5": 37.582322997582615, "test_custom_10": 64.48672486550895, "test_custom_20": 88.8689051949202, "train_explained_variance_std": 0.022776143095339936, "train_r2_std": 0.02276232836378091, "train_mape_std": 10.589097366697791, "train_median_absolute_error_std": 2.838784005539287, "train_mean_absolute_error_std": 2.7902215951661575, "train_mean_squared_log_error_std": 0.0024920763960712224, "train_custom_1_std": 0.11927727511631239, "train_custom_5_std": 0.16784729209939422, "train_custom_10_std": 0.1719230513047851, "train_custom_20_std": 0.08990913543882506, "test_explained_variance_std": 0.08335228398778138, "test_r2_std": 0.08351948759154094, "test_mape_std": 68.74345520683305, "test_median_absolute_error_std": 4.897681657368733, "test_mean_absolute_error_std": 10.373783701902823, "test_mean_squared_log_error_std": 0.02481090825076857, "test_custom_1_std": 0.13605270357509588, "test_custom_5_std": 0.16073891375423788, "test_custom_10_std": 0.21318361969270588, "test_custom_20_std": 0.3110803978449944, "_timestamp": 1722577251.8142498, "_runtime": 41.070249795913696, "_step": 0, "_wandb": {"runtime": 40}}