{"train_explained_variance": 0.6201008136638577, "train_r2": 0.6184183811772808, "train_mape": 189.12731795691252, "train_median_absolute_error": 531.9164309650644, "train_mean_absolute_error": 778.2883962560861, "train_mean_squared_log_error": 0.12953929832896754, "train_custom_1": 8.071661327334445, "train_custom_5": 38.63551518031898, "train_custom_10": 66.34191039720412, "train_custom_20": 89.90427075075692, "test_explained_variance": 0.5836234573185719, "test_r2": 0.5818494370810867, "test_mape": 271.6798775263052, "test_median_absolute_error": 539.8236759286605, "test_mean_absolute_error": 796.3348575546072, "test_mean_squared_log_error": 0.14684857419646277, "test_custom_1": 7.841679525066287, "test_custom_5": 38.12886749461682, "test_custom_10": 65.71388892681927, "test_custom_20": 89.47145394952939, "train_explained_variance_std": 0.01821298549164941, "train_r2_std": 0.018187316208416546, "train_mape_std": 9.425489167156066, "train_median_absolute_error_std": 1.6467667059704103, "train_mean_absolute_error_std": 2.545959561608586, "train_mean_squared_log_error_std": 0.0035840646425737838, "train_custom_1_std": 0.07666677513164182, "train_custom_5_std": 0.13332345165126278, "train_custom_10_std": 0.08847507545287524, "train_custom_20_std": 0.06243083931988615, "test_explained_variance_std": 0.08487029902670216, "test_r2_std": 0.08499159611425575, "test_mape_std": 88.14357883840283, "test_median_absolute_error_std": 4.150039235960395, "test_mean_absolute_error_std": 8.228306086206892, "test_mean_squared_log_error_std": 0.02641498836539911, "test_custom_1_std": 0.30714393602513196, "test_custom_5_std": 0.402573201533576, "test_custom_10_std": 0.39012137536684993, "test_custom_20_std": 0.17568401922423926, "_timestamp": 1722557792.4106364, "_runtime": 147.14237546920776, "_step": 0, "_wandb": {"runtime": 146}}