{"train_explained_variance": 0.7708504312292555, "train_r2": 0.76988850837308, "train_mape": 70.65256164191173, "train_median_absolute_error": 422.73232875548547, "train_mean_absolute_error": 628.7334825875396, "train_mean_squared_log_error": 0.08383045765579603, "train_custom_1": 10.6800358959735, "train_custom_5": 47.25668818930933, "train_custom_10": 74.32234016759108, "train_custom_20": 93.49412734316039, "test_explained_variance": 0.6326956717125742, "test_r2": 0.6315061677758381, "test_mape": 218.30989995730346, "test_median_absolute_error": 459.0639797107033, "test_mean_absolute_error": 700.5384215100106, "test_mean_squared_log_error": 0.12818520574181524, "test_custom_1": 10.189083868338974, "test_custom_5": 44.44123548608323, "test_custom_10": 71.13007471785988, "test_custom_20": 91.6049996430703, "train_explained_variance_std": 0.00425192043246698, "train_r2_std": 0.004250224982238429, "train_mape_std": 4.798397483017802, "train_median_absolute_error_std": 1.2359618976976299, "train_mean_absolute_error_std": 1.3199920858359542, "train_mean_squared_log_error_std": 0.0021369457815125286, "train_custom_1_std": 0.08717253134869155, "train_custom_5_std": 0.11004412531788947, "train_custom_10_std": 0.06606242885891962, "train_custom_20_std": 0.07143143459278736, "test_explained_variance_std": 0.0921249907767566, "test_r2_std": 0.09223042561102425, "test_mape_std": 75.85278528271915, "test_median_absolute_error_std": 3.659711275834712, "test_mean_absolute_error_std": 8.20882446201146, "test_mean_squared_log_error_std": 0.0250568163095136, "test_custom_1_std": 0.18165513811986972, "test_custom_5_std": 0.17814839793863416, "test_custom_10_std": 0.2984011196295334, "test_custom_20_std": 0.19952434412352404, "_timestamp": 1722557633.977959, "_runtime": 943.0330908298492, "_step": 0, "_wandb": {"runtime": 942}}