{"train_explained_variance": 0.9819114214019816, "train_r2": 0.9818601008014547, "train_mape": 0.2947073970453017, "train_median_absolute_error": 136.49087071277472, "train_mean_absolute_error": 201.26466287863832, "train_mean_squared_log_error": 0.0036526765561989355, "train_custom_1": 31.249572781127803, "train_custom_5": 88.23748872817495, "train_custom_10": 97.98653982561287, "train_custom_20": 99.58075907015616, "test_explained_variance": 0.6856867781689402, "test_r2": 0.6850888579214811, "test_mape": 212.50434344979604, "test_median_absolute_error": 356.4628653776079, "test_mean_absolute_error": 585.1841369013779, "test_mean_squared_log_error": 0.1162337885572241, "test_custom_1": 13.824765753001538, "test_custom_5": 53.78165648106265, "test_custom_10": 77.69875510756606, "test_custom_20": 93.855654719979, "train_explained_variance_std": 0.0013786831907360109, "train_r2_std": 0.0013829339951555723, "train_mape_std": 0.033493517908858905, "train_median_absolute_error_std": 2.898410956721113, "train_mean_absolute_error_std": 3.784527203840501, "train_mean_squared_log_error_std": 0.00025509585242252514, "train_custom_1_std": 0.5701807134381566, "train_custom_5_std": 0.4567551341490086, "train_custom_10_std": 0.08437442858678407, "train_custom_20_std": 0.010867289688534532, "test_explained_variance_std": 0.09852415072290287, "test_r2_std": 0.09855630201016718, "test_mape_std": 69.41981977257234, "test_median_absolute_error_std": 2.297920209324698, "test_mean_absolute_error_std": 5.740914830444352, "test_mean_squared_log_error_std": 0.01831459057999237, "test_custom_1_std": 0.14133385519999445, "test_custom_5_std": 0.12734950305634563, "test_custom_10_std": 0.08573637761848102, "test_custom_20_std": 0.29255287864013635, "_timestamp": 1722561891.019474, "_runtime": 1051.144856929779, "_step": 0, "_wandb": {"runtime": 1050}}