{"train_explained_variance": 0.9870579111933013, "train_r2": 0.9870240181577167, "train_mape": 0.14938399144466746, "train_median_absolute_error": 115.24849220324668, "train_mean_absolute_error": 170.19278334615524, "train_mean_squared_log_error": 0.0020630360650632225, "train_custom_1": 36.36151437560231, "train_custom_5": 91.9499788859872, "train_custom_10": 98.74397440901808, "train_custom_20": 99.65162265997402, "test_explained_variance": 0.6842346292389394, "test_r2": 0.6836475901512316, "test_mape": 211.40113732229315, "test_median_absolute_error": 355.8372192181137, "test_mean_absolute_error": 584.945162606272, "test_mean_squared_log_error": 0.11407528103113815, "test_custom_1": 13.870593048922299, "test_custom_5": 53.779957968142966, "test_custom_10": 77.57484389439053, "test_custom_20": 93.85056134181136, "train_explained_variance_std": 0.0008579755970164028, "train_r2_std": 0.0008604666617958312, "train_mape_std": 0.013647689869147519, "train_median_absolute_error_std": 1.285975902731968, "train_mean_absolute_error_std": 1.8339581983032431, "train_mean_squared_log_error_std": 9.89131178306342e-05, "train_custom_1_std": 0.3897576123864344, "train_custom_5_std": 0.2259148504491951, "train_custom_10_std": 0.044968873096844296, "train_custom_20_std": 0.012180289030791224, "test_explained_variance_std": 0.09940576922462407, "test_r2_std": 0.09948045262362429, "test_mape_std": 84.45593788647406, "test_median_absolute_error_std": 4.244572605089651, "test_mean_absolute_error_std": 5.871531252932171, "test_mean_squared_log_error_std": 0.020776717980299262, "test_custom_1_std": 0.24498988828902865, "test_custom_5_std": 0.35462716198236116, "test_custom_10_std": 0.2507516518226779, "test_custom_20_std": 0.27305085237415205, "_timestamp": 1722564060.003219, "_runtime": 1091.3882517814636, "_step": 0, "_wandb": {"runtime": 1091}}