{"train_explained_variance": 0.983747723700003, "train_r2": 0.983702400904992, "train_mape": 0.2532390449126951, "train_median_absolute_error": 128.16686256491457, "train_mean_absolute_error": 189.73057527676815, "train_mean_squared_log_error": 0.003143620573918972, "train_custom_1": 33.08353864714591, "train_custom_5": 89.62717801857914, "train_custom_10": 98.26065864754261, "train_custom_20": 99.60706770937034, "test_explained_variance": 0.6847696116915057, "test_r2": 0.6841746568838147, "test_mape": 216.7707015504894, "test_median_absolute_error": 357.3891554468777, "test_mean_absolute_error": 585.9620484334171, "test_mean_squared_log_error": 0.11421155840354039, "test_custom_1": 13.875686715168774, "test_custom_5": 53.53385177156107, "test_custom_10": 77.81077384951531, "test_custom_20": 93.81491964991044, "train_explained_variance_std": 0.0014027346841272296, "train_r2_std": 0.0014069616048399153, "train_mape_std": 0.034969737829951004, "train_median_absolute_error_std": 2.471397156739365, "train_mean_absolute_error_std": 3.5045571101014596, "train_mean_squared_log_error_std": 0.0002421525697735195, "train_custom_1_std": 0.6188629873298438, "train_custom_5_std": 0.4602645608347718, "train_custom_10_std": 0.08958960703942344, "train_custom_20_std": 0.009040490782096547, "test_explained_variance_std": 0.09866755915195806, "test_r2_std": 0.0987084943098532, "test_mape_std": 73.10637677936325, "test_median_absolute_error_std": 3.764771858427054, "test_mean_absolute_error_std": 4.987552515848275, "test_mean_squared_log_error_std": 0.019931935765700817, "test_custom_1_std": 0.09394118724469722, "test_custom_5_std": 0.3865591810405319, "test_custom_10_std": 0.2483636393542733, "test_custom_20_std": 0.2587997626185137, "_timestamp": 1722565978.6630273, "_runtime": 747.030647277832, "_step": 0, "_wandb": {"runtime": 746}}