{"train_explained_variance": 0.7089190233653125, "train_r2": 0.7076571777325055, "train_mape": 109.56734091930953, "train_median_absolute_error": 458.2027044215086, "train_mean_absolute_error": 679.847574241835, "train_mean_squared_log_error": 0.10226211038367072, "train_custom_1": 9.610293713662246, "train_custom_5": 44.33855133342462, "train_custom_10": 71.69359833405927, "train_custom_20": 92.29199267226959, "test_explained_variance": 0.6156028477935805, "test_r2": 0.6141738978823118, "test_mape": 234.119071558209, "test_median_absolute_error": 485.36892312785886, "test_mean_absolute_error": 732.8562010520016, "test_mean_squared_log_error": 0.13443249736213722, "test_custom_1": 9.28949614374766, "test_custom_5": 42.389159932679426, "test_custom_10": 69.43273960857805, "test_custom_20": 90.87853996336443, "train_explained_variance_std": 0.010696364227695088, "train_r2_std": 0.01067718967704457, "train_mape_std": 7.780414920187556, "train_median_absolute_error_std": 2.896931230040322, "train_mean_absolute_error_std": 3.532708922677762, "train_mean_squared_log_error_std": 0.0023035079543424343, "train_custom_1_std": 0.1543048214284531, "train_custom_5_std": 0.2415039636007742, "train_custom_10_std": 0.17587813479193187, "train_custom_20_std": 0.12321152260034723, "test_explained_variance_std": 0.08954333798827753, "test_r2_std": 0.08965375550111687, "test_mape_std": 79.63269097389292, "test_median_absolute_error_std": 1.5711457274666993, "test_mean_absolute_error_std": 7.192310620589881, "test_mean_squared_log_error_std": 0.026118842065889533, "test_custom_1_std": 0.19427917199294795, "test_custom_5_std": 0.22990275889205972, "test_custom_10_std": 0.39525013743151266, "test_custom_20_std": 0.11357641797474122, "_timestamp": 1722558789.9874015, "_runtime": 984.3384203910828, "_step": 0, "_wandb": {"runtime": 983}}