{"train_explained_variance": 0.9908886420784231, "train_r2": 0.9908665443363345, "train_mape": 0.09716332388316454, "train_median_absolute_error": 95.28056499798704, "train_mean_absolute_error": 141.395562037963, "train_mean_squared_log_error": 0.0013096228296231981, "train_custom_1": 42.76681751633577, "train_custom_5": 94.87405691812651, "train_custom_10": 99.18061298795537, "train_custom_20": 99.6902369745053, "test_explained_variance": 0.6813755422022693, "test_r2": 0.6808276869456871, "test_mape": 216.31732122667304, "test_median_absolute_error": 355.4376947227045, "test_mean_absolute_error": 588.3854706035545, "test_mean_squared_log_error": 0.11354681819701506, "test_custom_1": 13.916428411050958, "test_custom_5": 53.58306255361508, "test_custom_10": 77.64613649671568, "test_custom_20": 93.65537293852933, "train_explained_variance_std": 0.0007271432807913495, "train_r2_std": 0.000729187119901383, "train_mape_std": 0.004723920122507963, "train_median_absolute_error_std": 1.986142804115241, "train_mean_absolute_error_std": 2.821544735529025, "train_mean_squared_log_error_std": 4.6152103222722566e-05, "train_custom_1_std": 0.7770756487179978, "train_custom_5_std": 0.22866427717002596, "train_custom_10_std": 0.04905536697765491, "train_custom_20_std": 0.01064985818136039, "test_explained_variance_std": 0.09928787380108701, "test_r2_std": 0.09933627030613172, "test_mape_std": 59.36625500315189, "test_median_absolute_error_std": 3.4568802315083254, "test_mean_absolute_error_std": 6.081608806201552, "test_mean_squared_log_error_std": 0.020428457709229898, "test_custom_1_std": 0.17202456531769458, "test_custom_5_std": 0.4468958250624773, "test_custom_10_std": 0.2814126540713291, "test_custom_20_std": 0.18114537417341017, "_timestamp": 1722567950.4192865, "_runtime": 765.3130993843079, "_step": 0, "_wandb": {"runtime": 764}}