{"train_explained_variance": 0.8210681392867321, "train_r2": 0.8203356352175314, "train_mape": 44.705261145975385, "train_median_absolute_error": 389.7454039277101, "train_mean_absolute_error": 577.8354245589792, "train_mean_squared_log_error": 0.06781689696105705, "train_custom_1": 11.649213468833867, "train_custom_5": 50.49434845235153, "train_custom_10": 77.14670116320806, "train_custom_20": 94.6606183776776, "test_explained_variance": 0.6463381050299126, "test_r2": 0.6453199129077796, "test_mape": 212.63614728583084, "test_median_absolute_error": 436.20937122700735, "test_mean_absolute_error": 673.4232400658256, "test_mean_squared_log_error": 0.12392647051233734, "test_custom_1": 10.708462385457686, "test_custom_5": 46.36770721900832, "test_custom_10": 72.67634646183569, "test_custom_20": 92.20415554898351, "train_explained_variance_std": 0.005281804562158342, "train_r2_std": 0.005306337711063336, "train_mape_std": 3.591722072939133, "train_median_absolute_error_std": 2.0238027743260187, "train_mean_absolute_error_std": 1.121856120729348, "train_mean_squared_log_error_std": 0.0017408330696549177, "train_custom_1_std": 0.14792192497226384, "train_custom_5_std": 0.09683117484839161, "train_custom_10_std": 0.12695966218974988, "train_custom_20_std": 0.02198241920119249, "test_explained_variance_std": 0.09370048831634369, "test_r2_std": 0.09379275011756587, "test_mape_std": 73.96661432287657, "test_median_absolute_error_std": 3.5980421399144586, "test_mean_absolute_error_std": 7.1600099060475575, "test_mean_squared_log_error_std": 0.023714085742037982, "test_custom_1_std": 0.24505734455819603, "test_custom_5_std": 0.2231018897867015, "test_custom_10_std": 0.21052609565030636, "test_custom_20_std": 0.21811819673599928, "_timestamp": 1722559788.8786378, "_runtime": 979.8894267082214, "_step": 0, "_wandb": {"runtime": 979}}