{"train_explained_variance": 0.9895273983119282, "train_r2": 0.9895013596458331, "train_mape": 0.10790383543699715, "train_median_absolute_error": 103.50082999808137, "train_mean_absolute_error": 152.68241941667253, "train_mean_squared_log_error": 0.0015037032767927, "train_custom_1": 39.870744214586644, "train_custom_5": 93.79073372626439, "train_custom_10": 99.033369188289, "train_custom_20": 99.6792042746262, "test_explained_variance": 0.686883835757555, "test_r2": 0.6863165232652941, "test_mape": 203.32296694674648, "test_median_absolute_error": 351.7388263232168, "test_mean_absolute_error": 583.6732721336864, "test_mean_squared_log_error": 0.11429310549398886, "test_custom_1": 13.770456839478834, "test_custom_5": 53.91913937710092, "test_custom_10": 77.6444405765057, "test_custom_20": 93.84377405998573, "train_explained_variance_std": 0.000875893563329067, "train_r2_std": 0.0008785883376756755, "train_mape_std": 0.012504913171150977, "train_median_absolute_error_std": 2.2051394097039454, "train_mean_absolute_error_std": 3.03659255176765, "train_mean_squared_log_error_std": 0.00014586769733656134, "train_custom_1_std": 0.7808888515567382, "train_custom_5_std": 0.3501653420898538, "train_custom_10_std": 0.05385853647630203, "train_custom_20_std": 0.01085208534683176, "test_explained_variance_std": 0.09861690466161209, "test_r2_std": 0.09867713282260286, "test_mape_std": 64.20444913444236, "test_median_absolute_error_std": 1.5336831520549765, "test_mean_absolute_error_std": 5.844014304451315, "test_mean_squared_log_error_std": 0.019815880706865966, "test_custom_1_std": 0.25855337957491303, "test_custom_5_std": 0.31240063133974166, "test_custom_10_std": 0.14150520094278765, "test_custom_20_std": 0.23641819924161517, "_timestamp": 1722562957.1948009, "_runtime": 1053.600929737091, "_step": 0, "_wandb": {"runtime": 1053}}