{"train_explained_variance": 0.7292960933980195, "train_r2": 0.728243142414779, "train_mape": 109.12608091627025, "train_median_absolute_error": 469.7739094924203, "train_mean_absolute_error": 692.3939711738965, "train_mean_squared_log_error": 0.10019530048266605, "train_custom_1": 9.359088647683478, "train_custom_5": 43.444481436123574, "train_custom_10": 70.73333241754439, "train_custom_20": 91.89269472118565, "test_explained_variance": 0.6196859923328626, "test_r2": 0.6184922381383279, "test_mape": 221.0988651703044, "test_median_absolute_error": 486.2495346200508, "test_mean_absolute_error": 730.8353228876232, "test_mean_squared_log_error": 0.1299978520297052, "test_custom_1": 9.07393321951914, "test_custom_5": 42.19227589726624, "test_custom_10": 69.33260066238547, "test_custom_20": 90.93794772855297, "train_explained_variance_std": 0.003651508391745305, "train_r2_std": 0.0036455207575131474, "train_mape_std": 7.686785740229103, "train_median_absolute_error_std": 4.07949577065233, "train_mean_absolute_error_std": 2.9594985360702983, "train_mean_squared_log_error_std": 0.002158892463628928, "train_custom_1_std": 0.14361282816715373, "train_custom_5_std": 0.3084680523923413, "train_custom_10_std": 0.08768743281056596, "train_custom_20_std": 0.08642264565816898, "test_explained_variance_std": 0.09054304617560822, "test_r2_std": 0.09066755326960806, "test_mape_std": 73.63274959496061, "test_median_absolute_error_std": 2.3373724766709603, "test_mean_absolute_error_std": 7.221570935211608, "test_mean_squared_log_error_std": 0.02475357302683813, "test_custom_1_std": 0.1466780297242, "test_custom_5_std": 0.24253925020053452, "test_custom_10_std": 0.3181052516192055, "test_custom_20_std": 0.15332780179456887, "_timestamp": 1722577333.296662, "_runtime": 68.62858319282532, "_step": 0, "_wandb": {"runtime": 68}}