{"train_explained_variance": 0.5631473761920095, "train_r2": 0.5609326240429832, "train_mape": 264.37162364466155, "train_median_absolute_error": 569.658091420635, "train_mean_absolute_error": 831.3138144652397, "train_mean_squared_log_error": 0.1525916250544427, "train_custom_1": 7.548458572989906, "train_custom_5": 36.33945019125413, "train_custom_10": 63.747963771828836, "train_custom_20": 88.48190717869034, "test_explained_variance": 0.5530390841755028, "test_r2": 0.5507481980410389, "test_mape": 326.8389448390012, "test_median_absolute_error": 573.6892877056279, "test_mean_absolute_error": 841.9135789179047, "test_mean_squared_log_error": 0.16391678522628544, "test_custom_1": 7.548042910382298, "test_custom_5": 35.98852630900295, "test_custom_10": 63.47849914835249, "test_custom_20": 88.18147443827361, "train_explained_variance_std": 0.0231545071326621, "train_r2_std": 0.02312969582117899, "train_mape_std": 9.519716995198195, "train_median_absolute_error_std": 2.4358184867341315, "train_mean_absolute_error_std": 4.009528651981563, "train_mean_squared_log_error_std": 0.0040885218182389865, "train_custom_1_std": 0.0741344300510463, "train_custom_5_std": 0.13004235387936236, "train_custom_10_std": 0.1261176227950482, "train_custom_20_std": 0.1064650584286183, "test_explained_variance_std": 0.08002885417718396, "test_r2_std": 0.08009259248218008, "test_mape_std": 101.87412522512597, "test_median_absolute_error_std": 3.6249995509019306, "test_mean_absolute_error_std": 7.185770826108821, "test_mean_squared_log_error_std": 0.026216643472427716, "test_custom_1_std": 0.2920604903962465, "test_custom_5_std": 0.19122462766628953, "test_custom_10_std": 0.4589758669633734, "test_custom_20_std": 0.1678610726964935, "_timestamp": 1722575909.740989, "_runtime": 43.503304958343506, "_step": 0, "_wandb": {"runtime": 42}}