{"train_explained_variance": 0.4933665776470342, "train_r2": 0.4899999661035774, "train_mape": 415.47425083470773, "train_median_absolute_error": 621.8688806392945, "train_mean_absolute_error": 908.6638326427907, "train_mean_squared_log_error": 0.18832012939946177, "train_custom_1": 6.8831044519102305, "train_custom_5": 33.29189034554969, "train_custom_10": 60.10039751308095, "train_custom_20": 86.33647916197799, "test_explained_variance": 0.4973802442581542, "test_r2": 0.49391569449200146, "test_mape": 460.3901870621929, "test_median_absolute_error": 624.0544500301332, "test_mean_absolute_error": 914.52940408771, "test_mean_squared_log_error": 0.1938146511100775, "test_custom_1": 6.880980336947398, "test_custom_5": 33.11494349131635, "test_custom_10": 60.01934147017816, "test_custom_20": 86.18032042319476, "train_explained_variance_std": 0.023170942922886104, "train_r2_std": 0.023103929348515947, "train_mape_std": 6.653583138564493, "train_median_absolute_error_std": 1.6981163603363298, "train_mean_absolute_error_std": 3.2057884350516996, "train_mean_squared_log_error_std": 0.00458815545976365, "train_custom_1_std": 0.06612044187759908, "train_custom_5_std": 0.07892839414875191, "train_custom_10_std": 0.16745986395255605, "train_custom_20_std": 0.1006422856526777, "test_explained_variance_std": 0.0728897212231975, "test_r2_std": 0.07286299236131143, "test_mape_std": 111.00519071209187, "test_median_absolute_error_std": 4.517997047550285, "test_mean_absolute_error_std": 7.337433319232508, "test_mean_squared_log_error_std": 0.026717373227976744, "test_custom_1_std": 0.18170874670475848, "test_custom_5_std": 0.27292032525749854, "test_custom_10_std": 0.3056278617682496, "test_custom_20_std": 0.24013084537855486, "_timestamp": 1722556678.3737051, "_runtime": 69.05829215049744, "_step": 0, "_wandb": {"runtime": 68}}