{"train_explained_variance": 0.5487549070711335, "train_r2": 0.5462527700699606, "train_mape": 289.4547476103824, "train_median_absolute_error": 576.0822874200131, "train_mean_absolute_error": 844.0104420598952, "train_mean_squared_log_error": 0.16217840771234743, "train_custom_1": 7.260760839216957, "train_custom_5": 35.79375753494567, "train_custom_10": 63.12164846748617, "train_custom_20": 88.19208748307399, "test_explained_variance": 0.543311969295001, "test_r2": 0.5407160600922669, "test_mape": 344.0744081273655, "test_median_absolute_error": 579.6087338857553, "test_mean_absolute_error": 854.608967208534, "test_mean_squared_log_error": 0.1714296871483727, "test_custom_1": 7.122006406988932, "test_custom_5": 35.59643989848332, "test_custom_10": 62.87085327055058, "test_custom_20": 87.89632333025607, "train_explained_variance_std": 0.024108798747379655, "train_r2_std": 0.024072433520327726, "train_mape_std": 9.497563765238358, "train_median_absolute_error_std": 1.963003780074284, "train_mean_absolute_error_std": 3.7687167751532087, "train_mean_squared_log_error_std": 0.0044014803172037304, "train_custom_1_std": 0.06295911525070462, "train_custom_5_std": 0.0634846659003421, "train_custom_10_std": 0.1310482054872755, "train_custom_20_std": 0.05925194670262831, "test_explained_variance_std": 0.07863495877646717, "test_r2_std": 0.07869439299809734, "test_mape_std": 99.52315569575987, "test_median_absolute_error_std": 3.813126637964406, "test_mean_absolute_error_std": 6.846168647545532, "test_mean_squared_log_error_std": 0.02608895440571607, "test_custom_1_std": 0.17028383313952516, "test_custom_5_std": 0.369282645590854, "test_custom_10_std": 0.508289566600997, "test_custom_20_std": 0.12886552217068206, "_timestamp": 1722556599.3371148, "_runtime": 93.50566983222961, "_step": 0, "_wandb": {"runtime": 93}}