{"train_explained_variance": 0.9850562712090707, "train_r2": 0.9850158909797448, "train_mape": 0.20061627025499879, "train_median_absolute_error": 124.3890093090652, "train_mean_absolute_error": 182.93289407373328, "train_mean_squared_log_error": 0.0026458005942957053, "train_custom_1": 34.0926032758966, "train_custom_5": 90.40540478322254, "train_custom_10": 98.44863847149864, "train_custom_20": 99.6270113273459, "test_explained_variance": 0.6852487642878147, "test_r2": 0.6846727639441694, "test_mape": 202.45588459873846, "test_median_absolute_error": 351.93586629492074, "test_mean_absolute_error": 583.9843281468726, "test_mean_squared_log_error": 0.11525922295544215, "test_custom_1": 14.18459813489684, "test_custom_5": 53.91235684857636, "test_custom_10": 77.68856763103369, "test_custom_20": 93.80134134123406, "train_explained_variance_std": 0.0012419198365781492, "train_r2_std": 0.0012456570469006013, "train_mape_std": 0.025849375274419162, "train_median_absolute_error_std": 2.4158596079508197, "train_mean_absolute_error_std": 3.4670034651700994, "train_mean_squared_log_error_std": 0.0002086397067395267, "train_custom_1_std": 0.5709639834017214, "train_custom_5_std": 0.4700828796913338, "train_custom_10_std": 0.06841977931901844, "train_custom_20_std": 0.016401620884833233, "test_explained_variance_std": 0.09783167047966437, "test_r2_std": 0.09786328565831857, "test_mape_std": 71.82514284159322, "test_median_absolute_error_std": 2.889870256812813, "test_mean_absolute_error_std": 5.375881639327217, "test_mean_squared_log_error_std": 0.0211146269135416, "test_custom_1_std": 0.32133155266924746, "test_custom_5_std": 0.2904279554094142, "test_custom_10_std": 0.20795429454263298, "test_custom_20_std": 0.23321454131827052, "_timestamp": 1722567170.6709266, "_runtime": 1181.9510905742645, "_step": 0, "_wandb": {"runtime": 1176}}