{"train_explained_variance": 0.9689797269838396, "train_r2": 0.9688818590289419, "train_mape": 0.7891627243859611, "train_median_absolute_error": 179.44646732520533, "train_mean_absolute_error": 264.07517707132786, "train_mean_squared_log_error": 0.007739514122551294, "train_custom_1": 24.388536150792767, "train_custom_5": 79.97912129957459, "train_custom_10": 95.75157785563928, "train_custom_20": 99.32361335910197, "test_explained_variance": 0.6828935144141759, "test_r2": 0.6822775474346497, "test_mape": 202.52221803519296, "test_median_absolute_error": 360.6808370632377, "test_mean_absolute_error": 589.7214404302849, "test_mean_squared_log_error": 0.11506229798653869, "test_custom_1": 13.587138005154193, "test_custom_5": 53.241903010879184, "test_custom_10": 77.55278584062475, "test_custom_20": 93.81491691316134, "train_explained_variance_std": 0.002243087700677152, "train_r2_std": 0.0022508137539497134, "train_mape_std": 0.09601537870606497, "train_median_absolute_error_std": 3.035724408575606, "train_mean_absolute_error_std": 4.180307716162099, "train_mean_squared_log_error_std": 0.0004655018164975258, "train_custom_1_std": 0.3834438876961907, "train_custom_5_std": 0.5771480417272862, "train_custom_10_std": 0.19528382656930643, "train_custom_20_std": 0.04367400666822963, "test_explained_variance_std": 0.10006821692861874, "test_r2_std": 0.10016034656171915, "test_mape_std": 68.08569884690782, "test_median_absolute_error_std": 3.134524320172441, "test_mean_absolute_error_std": 5.913116138607712, "test_mean_squared_log_error_std": 0.019506369910969882, "test_custom_1_std": 0.14651644351937104, "test_custom_5_std": 0.1933677589980991, "test_custom_10_std": 0.08816644787458758, "test_custom_20_std": 0.3219100780991236, "_timestamp": 1722560830.3196182, "_runtime": 1021.3338901996613, "_step": 0, "_wandb": {"runtime": 1020}}